Name, Link
Privacy Policy, https://www.thomascook.in/privacy-policy
Assured Safe Travel Program, https://www.thomascook.in/campaigns/assured-travel
COVID 19 Certification Process, https://www.thomascook.in/covid-certification-process
International Travel Guidelines, https://www.thomascook.in/travel-guidelines/international-travel-guidelines
India Travel guidelines, https://www.thomascook.in/travel-guidelines/within-india
International Tour Packages, https://www.thomascook.in/holidays/international-tour-packages
International Honeymoon Packages, https://www.thomascook.in/holidays/international-honeymoon-packages
Crazy Deal - International Holidays, https://www.thomascook.in/holidays/international-crazy-deal-tour-packages
Bali Tour Packages, https://www.thomascook.in/holidays/international-tour-packages/bali-tour-packages
Dubai Tour Packages, https://www.thomascook.in/holidays/international-tour-packages/dubai-tour-packages
Maldives Tour Packages, https://www.thomascook.in/holidays/international-tour-packages/maldives-tour-packages
Mauritius Tour Packages, https://www.thomascook.in/holidays/international-tour-packages/mauritius-tour-packages
Europe Tour Packages, https://www.thomascook.in/holidays/international-tour-packages/europe-tour-packages
Russia Tour Packages, https://www.thomascook.in/holidays/international-tour-packages/russia-tour-packages
Turkey Tour Packages, https://www.thomascook.in/holidays/international-tour-packages/turkey-tour-packages
Egypt Tour Packages, https://www.thomascook.in/holidays/international-tour-packages/egypt-tour-packages
Africa Tour Packages, https://www.thomascook.in/holidays/international-tour-packages/africa-tour-packages
India & Around  Tour Packages, https://www.thomascook.in/holidays/india-tour-packages
India Honeymoon Packages, https://www.thomascook.in/holidays/honeymoon-packages-india
Hidden Gems of India, https://www.thomascook.in/holidays/hidden-gems-of-india-tour-packages
Villa Stay, https://www.thomascook.in/holidays/villa-special-tour-packages
Andaman Tour Packages, https://www.thomascook.in/holidays/india-tour-packages/andaman-and-nicobar-tour-packages
Bhutan Tour Packages, https://www.thomascook.in/holidays/india-tour-packages/bhutan-tour-packages
Char Dham Tour Packages, https://www.thomascook.in/holidays/india-tour-packages/char-dham-tour-packages
Goa Tour Packages, https://www.thomascook.in/holidays/india-tour-packages/goa-tour-packages
Gujarat Tour Packages, https://www.thomascook.in/holidays/india-tour-packages/gujarat-tour-packages
Himachal Tour Packages, https://www.thomascook.in/holidays/india-tour-packages/himachal-pradesh-tour-packages
Kashmir Tour Packages, https://www.thomascook.in/holidays/india-tour-packages/kashmir-tour-packages
Kerala Tour Packages, https://www.thomascook.in/holidays/india-tour-packages/kerala-tour-packages
Ladakh Tour Packages, https://www.thomascook.in/holidays/india-tour-packages/ladakh-tour-packages
Madhya Pradesh Tour Packages, https://www.thomascook.in/holidays/india-tour-packages/madhya-pradesh-tour-packages
North East Tour Packages, https://www.thomascook.in/holidays/india-tour-packages/north-east-tour-packages
Rajasthan Tour Packages, https://www.thomascook.in/holidays/india-tour-packages/rajasthan-tour-packages
Uttarakhand Tour Packages, https://www.thomascook.in/holidays/india-tour-packages/uttarakhand-tour-packages
Customize - Domestic, https://www.thomascook.in/holidays/customize-your-holiday-tour-packages
Customize - International, https://www.thomascook.in/holidays/international-customize-your-holiday-tour-packages
Cordelia Cruise, https://www.thomascook.in/holidays/india-tour-packages/cordelia-cruise-tour-packages
Crazy Deal Short Haul, https://www.thomascook.in/holidays/short-haul-crazy-deal-tour-packages
Honeymoon Packages, https://www.thomascook.in/holidays/honeymoon-packages
A La Carte Packages, https://www.thomascook.in/holidays/a-la-carte-tour-packages
Private Journeys, https://www.thomascook.in/holidays/van-tour-packages
Cruise Packages, https://www.thomascook.in/holidays/cruise-tour-packages
India Weekend Getaways, https://www.thomascook.in/holidays/weekend-getaways-in-india
Holiday Basket, https://holidaybasket.thomascook.in/
Holiday Saving Account, https://www.thomascook.in/holidays/holiday-savings-account
Travel Blog, https://blog.thomascook.in/
Covid Certification, https://www.thomascook.in/covid-certification-process
MICE Tours, https://www.thomascook.in/mice-travel/mice
About Us, https://www.thomascook.in/about-us
Contact Us, https://www.thomascook.in/contact-us
Store / Branch Locator, https://stores.thomascook.in/
Terms of Use, https://www.thomascook.in/terms-of-use
Disclaimer, https://www.thomascook.in/disclaimer
Privacy Policy, https://www.thomascook.in/privacy-policy
Careers, https://quikhr.thomascook.in/candidate/
Become Travel Business Associate, https://www.thomascook.in/become-travel-business-associate
Thomas Cook News, https://www.thomascook.in/press-release
Stock Exchange Intimation, https://www.thomascook.in/stock-exchange-intimation
Cookie Policy, https://www.thomascook.in/cookie-policy
Investor Relations, https://www.thomascook.in/investor-relations
Travel & Tourism Training, https://col.thomascook.in/centreoflearning/index.html
Holidays, https://www.thomascook.in/holidays
Honeymoon Packages, https://www.thomascook.in/holidays/honeymoon-packages
Holiday Savings Account, https://www.thomascook.in/holidays/holiday-savings-account
Foreign Exchange (FOREX), https://www.thomascook.in/foreign-exchange
Visa, https://www.thomascook.in/visa
MICE Tours, https://www.thomascook.in/mice-travel/mice
Gift Cards, https://www.thomascook.in/gift-cards
Travel Insurance, https://www.thomascook.in/travel-insurance
Flights, https://www.thomascook.in/flights
hotels, https://www.thomascook.in/hotels
Travel Blog, https://blog.thomascook.in
Corporate travel, https://www.thomascook.in/corporate-travel
Travel e-brochure, https://tcookin.co.in/brochure/ebrochure_template_personalised.html
Staff / Agent Login target, https://b2b.thomascook.in
Offers, https://www.thomascook.in/product-offers
Holiday App, https://play.google.com/store/apps/details?id=com.mobicule.thomascook.holidayapp
Forex App, https://play.google.com/store/apps/details?id=com.Forex.forex
Send Money to USA from India, https://www.thomascook.in/international-money-transfer/united-states
Send Money to UK from India, https://www.thomascook.in/international-money-transfer/united-kingdom
Send Money to Canada from India, https://www.thomascook.in/international-money-transfer/canada
Send Money to Australia from India, https://www.thomascook.in/international-money-transfer/australia
Sitemap, https://www.thomascook.in/sitemap
Visa Sitemap, https://www.thomascook.in/visa-sitemap
Forex Sitemap, https://www.thomascook.in/forex-sitemap
Domestic Packages from City, https://www.thomascook.in/domestic-packages-from-city-sitemap
International Packages from City, https://www.thomascook.in/international-packages-from-city-sitemap
Domestic Flights Sitemap, https://www.thomascook.in/domestic-flights-sitemap
International Flights Sitemap, https://www.thomascook.in/international-flights-sitemap
Cruise Packages, https://www.thomascook.in/holidays/cruise-tour-packages
Experiential Travel Packages, https://www.thomascook.in/holidays/experiential-travel
Youth Special Packages, https://www.thomascook.in/holidays/youth-special-tour-packages
Assured Safe Travel Program, https://www.thomascook.in/campaigns/assured-travel
COVID 19 Certification Process, https://www.thomascook.in/covid-certification-process
International Travel Guidelines, https://www.thomascook.in/travel-guidelines/international-travel-guidelines
India Travel guidelines, https://www.thomascook.in/travel-guidelines/within-india
International Packages, https://www.thomascook.in/holidays/international-tour-packages
America Packages, https://www.thomascook.in/holidays/international-tour-packages/usa-america-tour-packages
Bali Packages, https://www.thomascook.in/holidays/international-tour-packages/bali-tour-packages
Dubai Packages, https://www.thomascook.in/holidays/international-tour-packages/dubai-tour-packages
Europe Packages, https://www.thomascook.in/holidays/international-tour-packages/europe-tour-packages
Mauritius Packages, https://www.thomascook.in/holidays/international-tour-packages/mauritius-tour-packages
New Zealand Packages, https://www.thomascook.in/holidays/international-tour-packages/new-zealand-tour-packages
Singapore Packages, https://www.thomascook.in/holidays/international-tour-packages/singapore-tour-packages
Thailand Packages, https://www.thomascook.in/holidays/international-tour-packages/thailand-tour-packages
International Honeymoon Packages, https://www.thomascook.in/holidays/international-honeymoon-packages
Australia Honeymoon Packages, https://www.thomascook.in/holidays/international-honeymoon-packages/australia-honeymoon-packages
Bali Honeymoon Packages, https://www.thomascook.in/holidays/international-honeymoon-packages/bali-honeymoon-packages
Europe Honeymoon Packages, https://www.thomascook.in/holidays/international-honeymoon-packages/europe-honeymoon-packages
Hong Kong Honeymoon Packages, https://www.thomascook.in/holidays/international-honeymoon-packages/hong-kong-honeymoon-packages
Malaysia Honeymoon Packages, https://www.thomascook.in/holidays/international-honeymoon-packages/malaysia-honeymoon-packages
Maldives Honeymoon Packages, https://www.thomascook.in/holidays/international-honeymoon-packages/maldives-honeymoon-packages
Mauritius Honeymoon Packages, https://www.thomascook.in/holidays/international-honeymoon-packages/mauritius-honeymoon-packages
Singapore Honeymoon Packages, https://www.thomascook.in/holidays/international-honeymoon-packages/singapore-honeymoon-packages
Switzerland Honeymoon Packages, https://www.thomascook.in/holidays/international-honeymoon-packages/switzerland-honeymoon-packages
Thailand Honeymoon Packages, https://www.thomascook.in/holidays/international-honeymoon-packages/thailand-honeymoon-packages
International Tourism, https://www.thomascook.in/international-tourism
Australia Tourism, https://www.thomascook.in/international-tourism/australia
Bali Tourism, https://www.thomascook.in/international-tourism/bali
Dubai Tourism, https://www.thomascook.in/international-tourism/dubai
Europe Tourism, https://www.thomascook.in/international-tourism/europe
Mauritius Tourism, https://www.thomascook.in/international-tourism/mauritius
New Zealand Tourism, https://www.thomascook.in/international-tourism/new-zealand
Singapore Tourism, https://www.thomascook.in/international-tourism/singapore
Thailand Tourism, https://www.thomascook.in/international-tourism/thailand
Best Time to Visit Australia, https://www.thomascook.in/international-tourism/best-time-to-visit-australia
Best Time to Visit Bali, https://www.thomascook.in/international-tourism/best-time-to-visit-bali
Best Time to Visit Europe, https://www.thomascook.in/international-tourism/best-time-to-visit-europe
Best Time to Visit Maldives, https://www.thomascook.in/international-tourism/best-time-to-visit-maldives
Best Time to Visit Mauritius, https://www.thomascook.in/international-tourism/best-time-to-visit-mauritius
Best Time to Visit New Zealand, https://www.thomascook.in/international-tourism/best-time-to-visit-new-zealand
Best Time to Visit Singapore, https://www.thomascook.in/international-tourism/best-time-to-visit-singapore
Best Time to Visit Switzerland, https://www.thomascook.in/international-tourism/best-time-to-visit-switzerland
Best Time to Visit Thailand, https://www.thomascook.in/international-tourism/best-time-to-visit-thailand
How to Reach Australia, https://www.thomascook.in/international-tourism/how-to-reach-australia
How to Reach Bali, https://www.thomascook.in/international-tourism/how-to-reach-bali
How to Reach Dubai, https://www.thomascook.in/international-tourism/how-to-reach-dubai
How to Reach Europe, https://www.thomascook.in/international-tourism/how-to-reach-europe
How to Reach Maldives, https://www.thomascook.in/international-tourism/how-to-reach-maldives
How to Reach Mauritius, https://www.thomascook.in/international-tourism/how-to-reach-mauritius
How to Reach New Zealand, https://www.thomascook.in/international-tourism/how-to-reach-new-zealand
How to Reach Singapore, https://www.thomascook.in/international-tourism/how-to-reach-singapore
How to Reach Thailand, https://www.thomascook.in/international-tourism/how-to-reach-thailand
Burj Khalifa at the Top Dubai, https://www.thomascook.in/places-to-visit/burj-khalifa-at-the-top-in-dubai-3969
Dubai Aquarium & Zoo Dubai, https://www.thomascook.in/places-to-visit/dubai-aquarium-and-underwater-zoo-in-dubai-14476
Dubai Shopping Festival Dubai, https://www.thomascook.in/places-to-visit/dubai-shopping-festival-in-dubai-4028
Gardens by the Bay Singapore, https://www.thomascook.in/places-to-visit/gardens-by-the-bay-in-singapore-14422
Marina Bay Singapore, https://www.thomascook.in/places-to-visit/marina-bay-sands-sky-park-in-singapore-3910
Phi Phi Island Thailand, https://www.thomascook.in/places-to-visit/phi-phi-islands-in-thailand-2110
Sentosa Island Singapore, https://www.thomascook.in/places-to-visit/sentosa-island-in-singapore-3915
The Tsunami Monument Maldives, https://www.thomascook.in/places-to-visit/the-tsunami-monument-in-maldives-1020
Universal Studio Singapore, https://www.thomascook.in/places-to-visit/universal-studios-in-singapore-3911
India Tour Packages, https://www.thomascook.in/holidays/india-tour-packages
Andaman Packages, https://www.thomascook.in/holidays/india-tour-packages/andaman-and-nicobar-tour-packages
Chardham Packages, https://www.thomascook.in/holidays/india-tour-packages/char-dham-tour-packages
Goa Packages, https://www.thomascook.in/holidays/india-tour-packages/goa-tour-packages
Himachal Packages, https://www.thomascook.in/holidays/india-tour-packages/himachal-pradesh-tour-packages
Kashmir Packages, https://www.thomascook.in/holidays/india-tour-packages/kashmir-tour-packages
Kerala Packages, https://www.thomascook.in/holidays/india-tour-packages/kerala-tour-packages
Ladakh Packages, https://www.thomascook.in/holidays/india-tour-packages/ladakh-tour-packages
North East Tour Packages, https://www.thomascook.in/holidays/india-tour-packages/north-east-tour-packages
Rajasthan Packages, https://www.thomascook.in/holidays/india-tour-packages/rajasthan-tour-packages
Jalesh Cruise From Mumbai, https://www.thomascook.in/holidays/india-tour-packages/jalesh-cruise-tour-packages-from-mumbai
Jalesh Cruise From chennai, https://www.thomascook.in/holidays/india-tour-packages/jalesh-cruise-tour-packages-from-chennai
India Honeymoon Packages, https://www.thomascook.in/holidays/honeymoon-packages-india
Andaman Honeymoon Packages, https://www.thomascook.in/holidays/honeymoon-packages-india/andaman-honeymoon-packages
Goa Honeymoon Packages, https://www.thomascook.in/holidays/honeymoon-packages-india/goa-honeymoon-packages
Himachal Honeymoon Packages, https://www.thomascook.in/holidays/honeymoon-packages-india/himachal-honeymoon-packages
Kashmir Honeymoon Packages, https://www.thomascook.in/holidays/honeymoon-packages-india/kashmir-honeymoon-packages
Kerala Honeymoon Packages, https://www.thomascook.in/holidays/honeymoon-packages-india/kerala-honeymoon-packages
Ladakh Honeymoon Packages, https://www.thomascook.in/holidays/honeymoon-packages-india/ladakh-honeymoon-packages
Manali Honeymoon Packages, https://www.thomascook.in/holidays/honeymoon-packages-india/manali-honeymoon-packages
Munnar Honeymoon Packages, https://www.thomascook.in/holidays/honeymoon-packages-india/munnar-honeymoon-packages
North East Honeymoon Packages, https://www.thomascook.in/holidays/honeymoon-packages-india/north-east-honeymoon-packages
Sri Lanka Honeymoon Packages, https://www.thomascook.in/holidays/honeymoon-packages-india/sri-lanka-honeymoon-packages
Shimla Honeymoon Packages, https://www.thomascook.in/holidays/honeymoon-packages-india/shimla-honeymoon-packages
India Tourism, https://www.thomascook.in/india-tourism
Andaman & Nicobar Tourism, https://www.thomascook.in/india-tourism/andaman-and-nicobar
Goa Tourism, https://www.thomascook.in/india-tourism/goa
Gujarat Tourism, https://www.thomascook.in/india-tourism/gujarat
Himachal Pradesh Tourism, https://www.thomascook.in/india-tourism/himachal-pradesh
Kashmir Tourism, https://www.thomascook.in/india-tourism/kashmir
Kerala Tourism, https://www.thomascook.in/india-tourism/kerala
Ladakh Tourism, https://www.thomascook.in/india-tourism/ladakh
North East Tourism, https://www.thomascook.in/india-tourism/north-east
Rajasthan Tourism, https://www.thomascook.in/india-tourism/rajasthan
Best Time to Visit Andaman & Nicobar, https://www.thomascook.in/india-tourism/best-time-to-visit-andaman-and-nicobar
Best Time to Visit Coorg, https://www.thomascook.in/india-tourism/best-time-to-visit-coorg
Best Time to Visit Himachal Pradesh, https://www.thomascook.in/india-tourism/best-time-to-visit-himachal-pradesh
Best Time to Visit Kashmir, https://www.thomascook.in/india-tourism/best-time-to-visit-kashmir
Best Time to Visit Kerala, https://www.thomascook.in/india-tourism/best-time-to-visit-kerala
Best Time to Visit North East, https://www.thomascook.in/india-tourism/best-time-to-visit-north-east
Best Time to Visit Rajasthan, https://www.thomascook.in/india-tourism/best-time-to-visit-rajasthan
Best Time to Visit Rann of Kutch, https://www.thomascook.in/india-tourism/best-time-to-visit-rann-of-kutch
Best Time to Visit Sikkim, https://www.thomascook.in/india-tourism/best-time-to-visit-sikkim
Best Time to Visit Uttarakhand, https://www.thomascook.in/india-tourism/best-time-to-visit-uttarakhand
How to Reach Andaman & Nicobar, https://www.thomascook.in/india-tourism/how-to-reach-andaman-and-nicobar
How to Reach Gujarat, https://www.thomascook.in/india-tourism/how-to-reach-gujarat
How to Reach Himachal Pradesh, https://www.thomascook.in/india-tourism/how-to-reach-himachal-pradesh
How to Reach Kashmir, https://www.thomascook.in/india-tourism/how-to-reach-kashmir
How to Reach Kerala, https://www.thomascook.in/india-tourism/how-to-reach-kerala
How to Reach Ladakh, https://www.thomascook.in/india-tourism/how-to-reach-ladakh
How to Reach Meghalaya, https://www.thomascook.in/india-tourism/how-to-reach-meghalaya
How to Reach North East, https://www.thomascook.in/india-tourism/how-to-reach-north-east
How to Reach Sikkim, https://www.thomascook.in/india-tourism/how-to-reach-sikkim
How to Reach Uttarakhand, https://www.thomascook.in/india-tourism/how-to-reach-uttarakhand
Ananthagiri Hills, https://www.thomascook.in/places-to-visit/ananthagiri-hills-in-andhra-pradesh-14562
Calangute Beach, https://www.thomascook.in/places-to-visit/calangute-beach-in-goa-1053
Dudhsagar Waterfall, https://www.thomascook.in/places-to-visit/dudhsagar-waterfalls-in-goa-1055
Gir National Park, https://www.thomascook.in/places-to-visit/gir-national-park-in-gujarat-1575
Kolli Hills, https://www.thomascook.in/places-to-visit/kolli-hills-in-tamil-nadu-14550
Neemrana Fort, https://www.thomascook.in/places-to-visit/neemrana-fort-in-rajasthan-14549
Radhanagar Beach, https://www.thomascook.in/places-to-visit/radhanagar-beach-in-andaman-and-nicobar-14413
Rohtang Pass, https://www.thomascook.in/places-to-visit/rohtang-pass-in-himachal-pradesh-1157
Ross Island, https://www.thomascook.in/places-to-visit/ross-island-in-andaman-and-nicobar-5564
Best Time to Visit Uttarakhand, https://www.thomascook.in/places-to-visit/spiti-valley-in-himachal-pradesh-1158
Foreign Exchange, https://www.thomascook.in/foreign-exchange
Buy Forex Online, https://www.thomascook.in/foreign-exchange/buy-forex-online
Sell Forex Online, https://www.thomascook.in/foreign-exchange/sell-forex-online
Reload Forex Card, https://www.thomascook.in/foreign-exchange/reload-forex-card
Outward Remittance - Online Money Transfer, https://www.thomascook.in/international-money-transfer
Inward Remittance - Money Transfer to India, https://www.thomascook.in/remittance-to-india
Forex Cards, https://www.thomascook.in/foreign-exchange/travel-prepaid-forex-cards
Multi Currency Card, https://www.thomascook.in/foreign-exchange/borderless-prepaid-multicurrency-card
One Currency Travel Card, https://www.thomascook.in/foreign-exchange/one-currency-card
Currency Notes, https://www.thomascook.in/foreign-exchange/buy-cash-currency
Forex Rate Card, https://www.thomascook.in/foreign-exchange/forex-rate-card
Currency Converter, https://www.thomascook.in/foreign-exchange/currency-converter
Forex Sitemap, https://www.thomascook.in/forex-sitemap
INR to Euro, https://www.thomascook.in/foreign-exchange/currency-converter/inr-to-euro
INR to AED, https://www.thomascook.in/foreign-exchange/currency-converter/inr-to-aed
INR to GBP, https://www.thomascook.in/foreign-exchange/currency-converter/inr-to-gbp
INR to Dollar, https://www.thomascook.in/foreign-exchange/currency-converter/inr-to-usd
INR to CAD, https://www.thomascook.in/foreign-exchange/currency-converter/inr-to-cad
US Dollar to INR, https://www.thomascook.in/foreign-exchange/currency-converter/usd-to-inr
GBP to INR, https://www.thomascook.in/foreign-exchange/currency-converter/gbp-to-inr
AED to INR, https://www.thomascook.in/foreign-exchange/currency-converter/aed-to-inr
EURO to INR, https://www.thomascook.in/foreign-exchange/currency-converter/euro-to-inr
CAD to INR, https://www.thomascook.in/foreign-exchange/currency-converter/cad-to-inr
US Dollar (USD), https://www.thomascook.in/foreign-exchange/us-dollar
Euro (EUR), https://www.thomascook.in/foreign-exchange/euro
Sterling Pound (GBP), https://www.thomascook.in/foreign-exchange/great-britain-pound
Thai Baht (THB), https://www.thomascook.in/foreign-exchange/thai-baht
Singapore Dollar (SGD), https://www.thomascook.in/foreign-exchange/singapore-dollar
Canadian Dollar (CAD), https://www.thomascook.in/foreign-exchange/canadian-dollar
UAE DIRHAM (AED), https://www.thomascook.in/foreign-exchange/uae-dirham
Malaysian Ringgit (MYR), https://www.thomascook.in/foreign-exchange/malaysian-ringgit
Swiss Franc (CHF), https://www.thomascook.in/foreign-exchange/swiss-franc
Australian Dollar (AUD), https://www.thomascook.in/foreign-exchange/australian-dollar
Currency Exchange in Mumbai, https://www.thomascook.in/foreign-exchange/currency-exchange-in-mumbai
Currency Exchange in Delhi, https://www.thomascook.in/foreign-exchange/currency-exchange-in-delhi
Currency Exchange in Pune, https://www.thomascook.in/foreign-exchange/currency-exchange-in-pune
Currency Exchange in Bangalore, https://www.thomascook.in/foreign-exchange/currency-exchange-in-bangalore
Currency Exchange in Chennai, https://www.thomascook.in/foreign-exchange/currency-exchange-in-chennai
Currency Exchange in Hyderabad, https://www.thomascook.in/foreign-exchange/currency-exchange-in-hyderabad
Currency Exchange in Ahmedabad, https://www.thomascook.in/foreign-exchange/currency-exchange-in-ahmedabad
Currency Exchange in Kolkata, https://www.thomascook.in/foreign-exchange/currency-exchange-in-kolkata
Currency Exchange in Gurgaon, https://www.thomascook.in/foreign-exchange/currency-exchange-in-gurgaon
Currency Exchange in Chandigarh, https://www.thomascook.in/foreign-exchange/currency-exchange-in-chandigarh
Euro Rate in Mumbai, https://www.thomascook.in/foreign-exchange/euro/rate-today/mumbai
US Dollar Rate In Mumbai, https://www.thomascook.in/foreign-exchange/us-dollar/rate-today/mumbai
Singapore Dollar Rate In Mumbai, https://www.thomascook.in/foreign-exchange/singapore-dollar/rate-today/mumbai
Currency Exchange in Bangalore, https://www.thomascook.in/foreign-exchange/great-britain-pound/rate-today/mumbai
Canadian Dollar Rate In Mumbai, https://www.thomascook.in/foreign-exchange/canadian-dollar/rate-today/mumbai
Euro Rate in Delhi, https://www.thomascook.in/foreign-exchange/euro/rate-today/delhi
US Dollar Rate In Bangalore, https://www.thomascook.in/foreign-exchange/us-dollar/rate-today/bangalore
Singapore Dollar Rate in Chennai, https://www.thomascook.in/foreign-exchange/singapore-dollar/rate-today/chennai
Sterling Pound Rate in Pune, https://www.thomascook.in/foreign-exchange/great-britain-pound/rate-today/pune
Canadian Dollar Rate In Delhi, https://www.thomascook.in/foreign-exchange/canadian-dollar/rate-today/delhi
Euro Rate Today, https://www.thomascook.in/foreign-exchange/euro/rate-today
US Dollar Rate Today, https://www.thomascook.in/foreign-exchange/us-dollar/rate-today
Australian Dollar Rate Today, https://www.thomascook.in/foreign-exchange/australian-dollar/rate-today
Singapore Dollar Rate Today, https://www.thomascook.in/foreign-exchange/singapore-dollar/rate-today
Malaysia Currency Rate in India, https://www.thomascook.in/foreign-exchange/malaysian-ringgit/rate-today
New Zealand Dollar Rate Today, https://www.thomascook.in/foreign-exchange/new-zealand-dollar/rate-today
UAE DIRHAM Rate Today, https://www.thomascook.in/foreign-exchange/uae-dirham/rate-today
Swiss Franc Rate Today, https://www.thomascook.in/foreign-exchange/swiss-franc/rate-today
Sterling Pound (GBP) Rate Today, https://www.thomascook.in/foreign-exchange/great-britain-pound/rate-today
Thai Baht Rate Today, https://www.thomascook.in/foreign-exchange/thai-baht/rate-today
Visa Home, https://www.thomascook.in/visa
Australia  Visa, https://www.thomascook.in/visa/australia-visa-online
Austria Visa, https://www.thomascook.in/visa/austria-visa-online
Belgium Visa, https://www.thomascook.in/visa/belgium-visa-online
Brazil Visa, https://www.thomascook.in/visa/brazil-visa-online
Brunei Visa, https://www.thomascook.in/visa/brunei-visa-online
Canada Visa, https://www.thomascook.in/visa/canada-visa-online
China Visa, https://www.thomascook.in/visa/china-visa-online
Croatia Visa, https://www.thomascook.in/visa/croatia-visa-online
Denmark Visa, https://www.thomascook.in/visa/denmark-visa-online
Egypt Visa, https://www.thomascook.in/visa/egypt-visa-online
France Visa, https://www.thomascook.in/visa/france-visa-online
Germany Visa, https://www.thomascook.in/visa/germany-visa-online
Greece Visa, https://www.thomascook.in/visa/greece-visa-online
Italy Visa, https://www.thomascook.in/visa/italy-visa-online
Japan Visa, https://www.thomascook.in/visa/japan-visa-online
Malaysia Visa, https://www.thomascook.in/visa/malaysia-visa-online
Morocco Visa, https://www.thomascook.in/visa/morocco-visa-online
Netherlands Visa, https://www.thomascook.in/visa/netherlands-visa-online
New Zealand Visa, https://www.thomascook.in/visa/new-zealand-visa-online
Norway Visa, https://www.thomascook.in/visa/norway-visa-online
Philippines Visa, https://www.thomascook.in/visa/philippines-visa-online
Qatar Visa, https://www.thomascook.in/visa/qatar-visa-online
Russia Visa, https://www.thomascook.in/visa/russia-visa-online
Schengen Visa, https://www.thomascook.in/visa/schengen-visa-online
Singapore Visa, https://www.thomascook.in/visa/singapore-visa-online
South Korea Visa, https://www.thomascook.in/visa/south-korea-visa-online
Spain Visa, https://www.thomascook.in/visa/spain-visa-online
Sri Lanka Visa, https://www.thomascook.in/visa/sri-lanka-visa-online
Sweden Visa, https://www.thomascook.in/visa/sweden-visa-online
Switzerland Visa, https://www.thomascook.in/visa/switzerland-visa-online
Thailand Visa, https://www.thomascook.in/visa/thailand-visa-online
UAE Dubai, https://www.thomascook.in/visa/dubai-visa-online
UK Visa, https://www.thomascook.in/visa/uk-visa-online
USA Visa, https://www.thomascook.in/visa/usa-visa-online
Sitemap, https://www.thomascook.in/visa-sitemap
Thomas Cook India Facebook Page, https://www.facebook.com/ThomasCookIndiaLimited
Thomas Cook India YouTube Channel, https://www.youtube.com/user/ThomasCookIndiaLtd
Thomas Cook India Pinterest, https://in.pinterest.com/thomascookindia/
Thomas Cook India Instagram, https://www.instagram.com/thomascookofficial/
Thomas Cook India Linkedin, https://in.linkedin.com/company/thomas-cook-india-limited
